volcan,fecha,hora_inicio,hora_fin
Chillan,2018-01-08,,
Chillan,2018-02-02,12:05,12:05
Chillan,2018-03-30,,
Chillan,2018-03-31,17:44,17:44
Chillan,2018-04-02,,
Chillan,2018-05-11,,
Chillan,2018-07-24,,
Chillan,2018-08-07,,
Chillan,2018-09-11,,
Chillan,2018-09-12,,
Chillan,2018-09-13,,
Chillan,2018-09-14,15:32,15:32
Chillan,2018-10-13,,
Chillan,2018-10-31,,
Chillan,2018-11-07,,
Chillan,2018-11-08,,
Chillan,2018-11-23,,
Chillan,2018-11-27,,
Chillan,2018-11-29,,
Chillan,2019-01-11,,
Chillan,2019-01-13,,
Chillan,2019-01-21,,
Chillan,2019-01-31,,
Chillan,2019-02-15,,
Chillan,2019-03-01,,
Chillan,2019-03-04,,
Chillan,2019-03-07,,
Chillan,2019-03-08,,
Chillan,2019-04-08,,
Chillan,2019-04-09,,
Chillan,2019-04-23,,
Chillan,2019-04-24,,
Chillan,2019-04-25,,
Chillan,2019-04-26,,
Chillan,2019-04-27,,
Chillan,2019-04-28,,
Chillan,2019-04-29,,
Chillan,2019-04-30,,
Chillan,2019-05-03,,
Chillan,2019-05-10,11:16,11:16
Chillan,2019-05-12,,
Chillan,2019-05-18,,
Chillan,2019-06-03,,
Chillan,2019-06-07,,
Chillan,2019-06-08,,
Chillan,2019-06-19,,
Chillan,2019-06-20,,
Chillan,2019-07-08,,
Chillan,2019-07-14,,
Chillan,2019-07-18,,
Chillan,2019-07-22,,
Chillan,2019-07-26,,
Chillan,2019-08-03,11:45,14:45
Chillan,2019-08-04,,
Chillan,2019-08-13,,
Chillan,2019-08-17,,
Chillan,2019-08-18,,
Chillan,2019-08-21,,
Chillan,2019-08-22,,
Chillan,2019-08-29,,
Chillan,2019-08-30,,
Chillan,2019-09-01,,
Chillan,2019-09-03,,
Chillan,2019-09-04,,
Chillan,2019-09-05,,
Chillan,2019-09-06,,
Chillan,2019-09-07,,
Chillan,2019-09-08,,
Chillan,2019-09-09,,
Chillan,2019-09-12,,
Chillan,2019-09-18,,
Chillan,2019-09-19,,
Chillan,2019-09-20,,
Chillan,2019-09-21,,
Chillan,2019-09-22,,
Chillan,2019-09-24,,
Chillan,2019-09-25,,
Chillan,2019-10-16,,
Chillan,2019-10-24,,
Chillan,2019-10-29,,
Chillan,2019-10-30,,
Chillan,2019-10-31,,
Chillan,2019-11-02,,
Chillan,2019-11-22,,
Chillan,2019-11-25,,
Chillan,2019-11-26,,
Chillan,2019-11-27,,
Chillan,2019-11-30,,
Chillan,2019-12-01,,
Chillan,2019-12-03,,
Chillan,2019-12-04,,
Chillan,2019-12-05,,
Chillan,2019-12-09,,
Chillan,2019-12-10,,
Chillan,2019-12-11,,
Chillan,2019-12-12,,
Chillan,2019-12-13,,
Chillan,2019-12-14,,
Chillan,2020-01-30,17:00,19:20
Chillan,2020-02-14,,
Chillan,2020-02-22,,
Chillan,2020-03-19,,
Chillan,2020-03-25,,
Chillan,2020-03-30,,
Chillan,2020-04-01,,
Chillan,2020-04-02,,
Chillan,2020-04-03,,
Chillan,2020-04-04,,
Chillan,2020-04-05,,
Chillan,2020-04-06,,
Chillan,2020-04-07,,
Chillan,2020-04-08,06:10,07:50
Chillan,2020-04-09,,
Chillan,2020-04-10,,
Chillan,2020-04-11,,
Chillan,2020-04-12,,
Chillan,2020-04-13,,
Chillan,2020-04-21,,
Chillan,2020-05-06,,
Chillan,2020-05-22,15:35,15:35
Chillan,2020-06-03,,
Chillan,2020-06-04,,
Chillan,2020-06-06,,
Chillan,2020-06-09,,
Chillan,2020-07-01,,
Chillan,2020-07-06,08:37,08:37
Chillan,2020-07-07,,
Chillan,2020-07-20,,
Chillan,2020-07-29,,
Chillan,2020-08-15,,
Chillan,2020-08-31,11:55,11:55
Chillan,2020-09-20,,
Chillan,2020-09-22,,
Chillan,2020-10-29,,
Chillan,2020-12-01,,
Chillan,2021-01-23,,
Chillan,2021-01-24,,
Chillan,2021-01-25,,
Chillan,2021-02-22,,
Chillan,2021-04-15,,
Chillan,2021-05-02,,
Chillan,2021-05-09,,
Chillan,2021-05-15,,
Chillan,2021-06-17,,
Chillan,2021-06-19,,
Chillan,2021-06-28,12:40,12:40
Chillan,2021-06-29,18:39,18:39
Chillan,2021-07-10,,
Chillan,2021-07-27,16:30,16:30
Chillan,2021-08-08,,
Chillan,2021-08-09,,
Chillan,2021-08-10,18:30,18:30
Chillan,2021-08-11,,
Chillan,2021-08-12,,
Chillan,2021-08-13,,
Chillan,2021-09-27,,
Chillan,2021-10-09,,
Chillan,2021-10-18,,
Chillan,2021-11-08,,
Chillan,2021-11-10,,
Chillan,2021-11-22,,
Chillan,2021-12-04,,
Chillan,2021-12-24,,
Chillan,2022-01-06,,
Chillan,2022-01-19,,
Chillan,2022-02-13,,
Chillan,2022-02-16,,
Chillan,2022-02-19,,
Chillan,2022-02-20,,
Chillan,2022-03-10,,
Chillan,2022-03-11,,
Chillan,2022-03-13,,
Chillan,2022-03-15,,
Chillan,2022-04-15,,
Chillan,2022-05-16,,
Chillan,2022-05-20,,
Chillan,2022-05-21,,
Chillan,2022-06-19,,
Chillan,2022-07-29,,
Chillan,2022-08-02,,
Chillan,2022-08-20,,
Chillan,2022-08-29,11:08,11:08
Chillan,2022-09-12,,
Chillan,2022-09-16,,
Chillan,2022-09-19,08:13,08:13
Chillan,2022-09-30,,
Chillan,2022-10-09,19:30,19:30
Chillan,2022-10-12,,
Chillan,2022-10-17,,
Lascar,2022-10-12,,
Lascar,2023-01-27,,
Lascar,2026-02-08,,
Villarrica,2020-09-25,13:50,18:29
Villarrica,2020-10-05,13:43,13:47
Villarrica,2020-10-20,17:22,17:22
Villarrica,2020-10-23,10:41,10:41
Villarrica,2020-11-05,14:42,14:42
Villarrica,2020-11-06,07:57,14:12
Villarrica,2020-11-08,00:51,00:51
Villarrica,2020-11-10,18:14,18:14
Villarrica,2020-12-05,18:44,18:44
Villarrica,2020-12-16,11:46,11:56
Villarrica,2020-12-17,17:16,17:16
Villarrica,2020-12-22,,
Villarrica,2021-02-16,11:46,11:56
Villarrica,2021-11-06,,
Villarrica,2022-02-02,10:50,10:50
Villarrica,2022-10-02,,
Villarrica,2022-10-23,,
Villarrica,2023-01-27,,
Villarrica,2023-02-27,10:56,13:20
Villarrica,2023-07-13,15:51,15:51
Villarrica,2023-09-23,08:41,13:24
Villarrica,2023-09-26,,
Villarrica,2023-09-29,10:20,12:50
Villarrica,2023-09-30,07:40,07:40
Villarrica,2023-10-31,07:00,07:00
Villarrica,2023-11-02,09:00,09:00
Villarrica,2023-12-09,20:30,20:30
Villarrica,2024-02-12,19:37,19:37
Villarrica,2024-03-03,17:59,17:59
Villarrica,2024-05-18,09:11,09:11
Villarrica,2024-06-29,,
Villarrica,2024-07-10,21:04,21:04
Villarrica,2024-07-21,13:46,14:38
Villarrica,2024-07-29,,
Villarrica,2025-01-07,,
Villarrica,2025-01-11,16:05,16:05
Peteroa,2018-09-21,,
Peteroa,2018-10-13,,
Peteroa,2018-10-14,,
Peteroa,2018-10-15,,
Peteroa,2018-11-07,,
Peteroa,2018-12-07,,
Peteroa,2018-12-16,,
Peteroa,2018-12-24,,
Peteroa,2018-12-25,,
Peteroa,2018-12-26,,
Peteroa,2018-12-27,,
Peteroa,2019-02-03,,
Peteroa,2019-02-14,,
Peteroa,2019-02-20,,
Peteroa,2019-03-26,,
Peteroa,2019-05-01,,
Peteroa,2019-05-06,,
Peteroa,2019-05-07,,
Peteroa,2019-05-08,,
Peteroa,2019-05-10,,
PuyehueCordonCaulle,2023-01-23,,
PuyehueCordonCaulle,2025-03-23,14:30,20:50
